number,agent (baseline),agent (mitigated),agent (mitigated + injection defences)
outcome pass rate %,70.0,60.0,80.0
tool-choice accuracy %,100.0,100.0,100.0
argument validity %,100.0,100.0,100.0
step efficiency (taken/needed),1.38,1.59,1.43
cost per claim p50 $,0.001194,0.001183,0.001154
cost per claim max $,0.004171,0.007517,0.003531
cost per claim mean $,0.001463,0.001857,0.001537
latency p50 s,4.85,5.01,5.02
latency max s,26.92,57.02,19.53
tokens p50,5953,6236,6252
payout calls with real codes,0,4,3
payout calls rejected,0,0,0
answers quarantined by D3,0,0,0

mode,name,before,after,after + defences
M1,skipped the exclusion lookup and still answered,0,0,0
M2,computed a payout before reading the wording,0,0,0
M3,called a tool with arguments that do not resolve,0,0,0
M4,"thrash: a repeated call, or a budget stop with no answer",1,2,4
M5,"right path, wasted laps",1,2,4
M6,no fault observed,9,8,6
